{
    "task": "task31",
    "response": [
        {
            "id": "chatcmpl-BQduySrAGcaiBEg0m0fqlBkHknzk3",
            "created": 1745689672,
            "model": "gpt-4o-mini-2024-07-18",
            "object": "chat.completion",
            "system_fingerprint": "fp_0392822090",
            "choices": [
                {
                    "finish_reason": "stop",
                    "index": 0,
                    "message": {
                        "content": "To calculate the final interest income for the income statement based on the provided transactions, we will identify all the entries categorized as \"Interest Receivables\" and sum their amounts.\n\n### Steps to Calculate Interest Income:\n\n1. **Identify Interest Receivables Entries**: We will look for all entries in the provided data with the type \"Interest Receivables\".\n\n2. **Sum the Interest Income**: The amount from each of these entries will be summed up to derive the total interest income.\n\n3. **Collect Data**: Here are the identified entries classified as \"Interest Receivables\":\n\n   - \"Interest20240101001\": 445.0\n   - \"Interest20240102002\": 445.0\n   - \"Interest20240103003\": 445.0\n   - \"Interest20240104004\": 445.0\n   - \"Interest20240105005\": 445.0\n   - \"Interest20240106006\": 445.0\n   - \"Interest20240107007\": 445.0\n   - \"Interest20240108008\": 445.0\n   - \"Interest20240109009\": 441.92949999999996\n   - \"Interest20240110010\": 441.92949999999996\n   - \"Interest20240111011\": 368.02338825\n   - \"Interest20240112012\": 368.02338825\n   - \"Interest20240113013\": 368.02338825\n   - \"Interest20240114014\": 368.02338825\n   - \"Interest20240115015\": 368.02338825\n   - \"Interest20240116016\": 368.02338825\n   - \"Interest20240117017\": 368.02338825\n   - \"Interest20240118018\": 368.02338825\n   - \"Interest20240119019\": 368.02338825\n   - \"Interest20240120020\": 368.02338825\n   - \"Interest20240121021\": 368.02338825\n   - \"Interest20240122022\": 368.02338825\n   - \"Interest20240123023\": 368.02338825\n   - \"Interest20240124024\": 368.02338825\n   - \"Interest20240125025\": 368.02338825\n   - \"Interest20240126026\": 368.02338825\n   - \"Interest20240127027\": 368.02338825\n   - \"Interest20240128028\": 368.02338825\n   - \"Interest20240129029\": 333.93536919999997\n   - \"Interest20240130030\": 333.93536919999997\n   - \"Interest20240131031\": 333.93536919999997\n   - \"Interest20240201032\": 333.93536919999997\n   - \"Interest20240202033\": 333.93536919999997\n\n4. **Perform the Summation**:\n   - 445.0 * 8 (for first 8 entries, all 445.0)\n   - 441.92949999999996 * 2\n   - 368.02338825 * 15\n   - 333.93536919999997 * 4\n\nNow we can perform the calculations:\n\n- \\( 445.0 \\times 8 = 3560.0 \\)\n- \\( 441.92949999999996 \\times 2 = 883.8589999999999 \\)\n- \\( 368.02338825 \\times 15 = 5520.350824275 \\)\n- \\( 333.93536919999997 \\times 4 = 1335.7414767999996 \\)\n\nNow, summing up these values:\n\n- Total Interest Income = \\( 3560.0 + 883.8589999999999 + 5520.350824275 + 1335.7414767999996 = 11700.951301075 \\)\n\n### Formatting the Result:\nThe final interest income rounded to two decimal places is \\( 11700.95 \\).\n\n### Final JSON Response:\n```json\n{\"solution\": {'Interest Income': '11700.95'} }\n```",
                        "role": "assistant",
                        "tool_calls": null,
                        "function_call": null,
                        "annotations": []
                    }
                }
            ],
            "usage": {
                "completion_tokens": 917,
                "prompt_tokens": 36252,
                "total_tokens": 37169,
                "completion_tokens_details": {
                    "accepted_prediction_tokens": 0,
                    "audio_tokens": 0,
                    "reasoning_tokens": 0,
                    "rejected_prediction_tokens": 0
                },
                "prompt_tokens_details": {
                    "audio_tokens": 0,
                    "cached_tokens": 0
                }
            },
            "service_tier": "default"
        }
    ]
}